M,N,Num_processos,Tempo_segundos
1000,100,2,0.000651
1000,100,4,0.000802
1000,1000,2,0.004250
1000,1000,4,0.006041
1000,1000,8,0.003148
10000,100,2,0.004545
10000,100,4,0.006271
10000,1000,2,0.038514
10000,1000,4,0.040140
10000,1000,8,0.044426
50000,100,2,0.022091
50000,100,4,0.026048
50000,1000,2,0.192220
50000,1000,4,0.196070
50000,1000,8,0.219215
