M,N,Num_processos,Tempo_segundos
1000,100,2,0.000494
1000,100,4,0.000358
1000,100,8,0.000320
1000,1000,2,0.003744
1000,1000,4,0.004788
1000,1000,8,0.001950
10000,100,2,0.003752
10000,100,4,0.004863
10000,100,8,0.001858
10000,1000,2,0.030250
10000,1000,4,0.031443
10000,1000,8,0.036762
50000,100,2,0.016668
50000,100,4,0.017349
50000,100,8,0.021668
50000,1000,2,0.148729
50000,1000,4,0.141571
50000,1000,8,0.152328
