n,sequencial,paralelo
1,0.000000,0.013346
1000001,0.138861,0.049213
2000001,0.365029,0.093942
3000001,0.640568,0.144592
4000001,0.944250,0.268328
5000001,1.295046,0.289451
6000001,1.665952,0.346312
7000001,2.099187,0.452069
8000001,2.529978,0.546516
9000001,2.953754,0.619970
