Threads,NX,NY,Schedule,ChunkSize,Time,CenterValue,AverageValue
1,100,100,static,4,0.10551,0.09505,8648604638011243626496.00000
2,100,100,static,4,3.72807,0.09505,496853035619795500793856.00000
4,100,100,static,4,0.20362,0.09505,496828968383386832863232.00000
8,100,100,static,4,0.22810,0.09505,501695954457490599444480.00000
16,100,100,static,4,0.27734,0.09505,501695594169520409804800.00000
